{
  "accuracy": [
    0.44149088859558105,
    0.5504189729690552,
    0.5827795267105103,
    0.6292979121208191,
    0.6735047698020935,
    0.6951748132705688,
    0.7154001593589783,
    0.7330251336097717,
    0.7440046072006226,
    0.7497832775115967,
    0.7624964118003845,
    0.7630742788314819,
    0.7708754539489746,
    0.7754983901977539,
    0.7882115244865417,
    0.7818549275398254,
    0.8017913699150085,
    0.8130598068237305,
    0.8159491419792175,
    0.8384860157966614,
    0.837908148765564
  ],
  "loss": [
    1.180800437927246,
    0.9388056993484497,
    0.7556984424591064,
    0.6334441304206848,
    0.5527715682983398,
    0.5222392678260803,
    0.4816722869873047,
    0.4476790726184845,
    0.42499998211860657,
    0.40326064825057983,
    0.3877415060997009,
    0.3881390392780304,
    0.37567394971847534,
    0.3550831377506256,
    0.3304784893989563,
    0.34404927492141724,
    0.30780500173568726,
    0.2873302400112152,
    0.28166115283966064,
    0.2495219111442566,
    0.24143289029598236
  ],
  "val_accuracy": [
    0.44778066873550415,
    0.6109660863876343,
    0.6540470123291016,
    0.6292428374290466,
    0.6984333992004395,
    0.7088772654533386,
    0.7036553621292114,
    0.7284595370292664,
    0.7245430946350098,
    0.6892950534820557,
    0.7219321131706238,
    0.7349869608879089,
    0.729764997959137,
    0.7310705184936523,
    0.7154046893119812,
    0.7271540760993958,
    0.7389034032821655,
    0.7454308271408081,
    0.7519582509994507,
    0.7584856152534485,
    0.7571801543235779
  ],
  "val_loss": [
    1.0971910953521729,
    0.9110721945762634,
    0.8330632448196411,
    0.876616895198822,
    0.7627390623092651,
    0.7525573372840881,
    0.7312382459640503,
    0.7225727438926697,
    0.7052905559539795,
    0.7432225346565247,
    0.6767743229866028,
    0.6971004605293274,
    0.7003729343414307,
    0.6777322292327881,
    0.6906710267066956,
    0.6858923435211182,
    0.6793274283409119,
    0.6887792944908142,
    0.6854128241539001,
    0.6952914595603943,
    0.6945242881774902
  ],
  "learning_rate": [
    0.0010000000474974513,
    0.0010000000474974513,
    0.0010000000474974513,
    0.0010000000474974513,
    0.0010000000474974513,
    0.0010000000474974513,
    0.0010000000474974513,
    0.0010000000474974513,
    0.0010000000474974513,
    0.0010000000474974513,
    0.0010000000474974513,
    0.0010000000474974513,
    0.0010000000474974513,
    0.0010000000474974513,
    0.0010000000474974513,
    0.0005000000237487257,
    0.0005000000237487257,
    0.0005000000237487257,
    0.0005000000237487257,
    0.0002500000118743628,
    0.0002500000118743628
  ]
}